id,program_name,mentor_name,field,description
1,Intuitive analyzing Local Area Network,Danny Lane MD,Design,Blood morning eye or season prove mention about within somebody.
2,Up-sized mission-critical architecture,Michael Conway,Design,Upon just course only raise involve run minute least role outside age skin.
3,Sharable impactful support,Meghan Lopez,Leadership,Play opportunity somebody voice then why laugh notice seek owner audience year Mr product weight art.
4,Proactive needs-based matrix,Jessica Haley,Business,Manage center investment happy yes become several.
5,Team-oriented didactic standardization,Dalton Cooley,Technology,Including event present bed they without college sport.
6,Enhanced multi-state capability,Kim Black,Finance,One design service attack become accept threat news audience treatment on cut old impact model.
7,Secured tertiary leverage,Joseph Rice,Marketing,Happen few discussion from far wind everyone report even often expect.
8,Visionary asynchronous portal,Charles Martin Jr.,Technology,Lose nature risk candidate necessary television year current animal others fine her parent wife.
9,Robust even-keeled knowledgebase,Antonio Knight,Design,Officer purpose financial series capital down something never wear believe fly.
10,Sharable background application,Robert Sanchez,Technology,Rise explain follow someone left product case although yet cut know course us different best call.
11,Managed dynamic intranet,John Clark,Finance,Same article history maintain office value main his season wait.
12,Advanced optimal initiative,Colleen Martin,Finance,Seven even your Mr picture spring side dream song hit without allow born care investment.
13,Profit-focused grid-enabled application,Kimberly Baker,Finance,News necessary box newspaper speech president pressure executive family travel.
14,Managed directional throughput,Timothy Bradley,Technology,History environmental mean benefit business risk fall various agree religious approach recently meeting sense particular fast.
15,De-engineered well-modulated standardization,Lisa Carpenter,Marketing,Crime window set environment anyone item civil we on professor news wrong should study significant.
16,Inverse foreground access,Randy Leon,Marketing,Term room space approach game general itself improve reach physical recent whole third.
17,Universal multi-tasking software,Robert Barrett,Design,Develop television campaign wrong still page store store media fire dog.
18,Sharable 6thgeneration emulation,Willie Love,Marketing,Year common another yet author visit major account agency yard night someone.
19,Focused responsive firmware,Joseph Francis,Marketing,During whether tell thing quality evidence space school series impact same part big.
20,Decentralized explicit array,Chelsea Johnson,Design,Owner life short suffer west behavior magazine deal forget rock brother could think small.
21,Operative maximized model,Eric Payne,Marketing,Throw camera day eye base surface phone nature heavy thousand.
22,Innovative even-keeled concept,Paula Phillips,Technology,Series cause paper contain this require various list material picture.
23,Object-based high-level website,Sara Lang,Technology,Especially group institution common carry to somebody team financial trouble operation meet.
24,Business-focused grid-enabled moratorium,Shaun Gibson,Business,One cover cost certain home between health require will.
25,Advanced empowering solution,Amanda Wood,Technology,Smile ahead last beyond none record lawyer computer.
26,Robust mobile secured line,Kevin Lopez,Leadership,Agreement his whatever meeting compare less quite act hospital sign.
27,Optional explicit challenge,Eric Huff,Marketing,Have what investment left record director wall paper score present plant.
28,Switchable foreground migration,Jesse Kelly,Marketing,Worker risk ok car book bed approach beat Democrat magazine kid take wife surface.
29,Versatile methodical framework,Joseph Duke,Business,Suggest though natural land never seven design deal wife task executive need window office.
30,Cross-group well-modulated open architecture,Derrick Campbell,Business,Student month require safe office name job.
31,Cross-group 24hour open architecture,Jane Young,Finance,Itself put probably along camera break tax campaign at decide pay likely.
32,Synchronized grid-enabled flexibility,Robert Wyatt,Design,Far send send change toward especially show since for change.
33,Reverse-engineered user-facing Graphical User Interface,Brittany Knox,Finance,North great trip allow couple front our record soon hear.
34,Reverse-engineered logistical capability,Robert Silva,Business,Development throughout dog difficult rather must represent southern thank personal represent.
35,Synergistic exuding info-mediaries,Willie Gray,Design,Dinner soon model say body human raise how tonight economic early machine.
36,Networked neutral emulation,Jessica White,Business,No prove when character serious officer note activity pretty billion.
37,Triple-buffered optimal throughput,Amanda Rivera,Leadership,And employee effect over create couple let three avoid create relationship.
38,Managed 24/7 array,Mark Flores,Technology,Moment home general seek somebody color use character so appear clearly most.
39,Exclusive global frame,Robert Garcia,Design,Popular party even enough white factor ready.
40,Function-based client-driven firmware,Chad Gutierrez,Design,Arm hair think visit clear that technology prevent now wear.
41,Balanced zero administration superstructure,Jacqueline Mcdonald,Finance,Human management owner blue relationship threat step right affect too candidate ahead account contain together accept.
42,Customizable human-resource secured line,Joshua Schwartz,Finance,Interesting meeting down experience change doctor building require almost from service that region media economy.
43,Intuitive modular functionalities,Christopher Taylor,Design,Former civil on someone western care activity ever loss call large whether all partner.
44,Cross-platform user-facing budgetary management,Elijah Thompson,Business,Government thing himself cell chance laugh religious tell miss condition.
45,Intuitive client-driven product,Christopher Martinez,Technology,Box language few ball spend later yourself sell cup.
46,Front-line radical info-mediaries,Erin Hopkins,Marketing,Face Mrs write provide right century over fill mother television.
47,Persevering demand-driven leverage,Elizabeth Valencia,Leadership,Lay beat hundred town event can office society treatment energy.
48,Customer-focused motivating success,Adam Buchanan,Leadership,Six property then smile far into discuss.
49,Devolved reciprocal access,Krista Fischer,Technology,Yourself artist peace during clearly rather doctor current set his size service a home suggest.
50,Focused cohesive collaboration,Jason Nichols,Finance,Deal member result anyone true arrive pressure herself.
51,Focused web-enabled leverage,Chad Ferguson II,Leadership,Less story late road quality system specific property eight magazine.
52,Fully-configurable intangible service-desk,Susan Smith,Design,Bed they bit be some above ready again challenge travel defense remain detail expert hear his.
53,Customer-focused holistic encryption,Elizabeth Warren,Business,Pretty player house color it thought can short nothing kid treatment war.
54,Diverse systematic focus group,John Lyons,Design,Free forward than hit boy police religious standard protect.
55,Centralized 6thgeneration Internet solution,Blake Cooper,Finance,Republican data seat during need collection stay condition.
56,Business-focused demand-driven productivity,Michael Pierce,Business,High must author market red analysis sister view open animal.
57,Compatible intermediate matrix,Donald Dixon,Design,Require better against issue market score source.
58,Programmable responsive info-mediaries,Joshua Lee,Design,Partner TV local good respond see voice agree garden consider coach box.
59,Synergistic zero administration product,Deborah Smith,Design,Church near two worker I somebody morning.
60,Focused 5thgeneration algorithm,Misty Woodward,Marketing,Certain trial to maintain check fall nice dog we.
61,Universal heuristic intranet,Aaron Luna,Design,Modern democratic fine create history me tell town happy go without civil language I rise.
62,Cross-group exuding moderator,Jessica Pineda,Finance,East senior letter share finish doctor specific ask eat charge sit join.
63,Cloned modular throughput,Jennifer Hartman,Design,Become data blood along exist phone great civil.
64,Progressive actuating collaboration,Cynthia Aguilar MD,Business,Agency picture respond account chance worker dark play key however myself keep cultural.
65,Vision-oriented scalable data-warehouse,David Johnson,Leadership,Outside or effect way difference nation parent central black much cultural since.
66,De-engineered uniform project,Greg Scott,Technology,Job hot color store special simple sea far similar capital quickly cold weight.
67,Future-proofed asymmetric solution,Kimberly Berger,Technology,Effect sport office Mr available whole edge cell mention chance room world expect eye last.
68,Cloned multimedia Internet solution,Lisa Coffey,Finance,Finally full speech yard sport ten and goal require.
69,Organized bi-directional hub,George Johnson,Finance,Despite rule campaign environmental cost budget accept party marriage detail huge deal.
70,Face-to-face coherent flexibility,Joy Jones,Finance,Oil feel certainly view who yes with upon whole oil just when.
71,Diverse composite toolset,Robert Daniels,Business,Position plan bar fast structure important make minute positive scene special successful name.
72,Sharable responsive workforce,Alexandra Randolph,Finance,Local let check wear follow rise open describe read share pull me relationship statement rock soon.
73,Profit-focused solution-oriented data-warehouse,Kimberly Williams,Finance,Else movie item listen better send least you else method throughout amount win of attack down.
74,Re-contextualized dedicated interface,Christopher Johnson,Marketing,View wonder class kid order cost instead.
75,Triple-buffered 3rdgeneration methodology,Robert Jenkins,Finance,Fill green discover class point field trip analysis month blue hair appear paper alone.
76,Switchable incremental process improvement,Priscilla Young,Business,Surface half method else final character federal camera necessary.
77,Intuitive needs-based benchmark,Barry Little,Marketing,Government smile feeling whom camera this key research.
78,Virtual disintermediate time-frame,Jorge Bell,Business,Suddenly guy per issue practice argue care actually likely deal away city.
79,Organized incremental architecture,Erika Fox,Marketing,International third teach tell couple recent fall though lawyer whatever medical against cost.
80,Operative solution-oriented frame,Sierra Turner,Technology,Standard six enter size day anything matter travel hotel close feel thing draw boy especially.
81,Managed radical firmware,Jacob Hamilton,Leadership,Business full factor international decade defense themselves model suggest hotel charge travel man.
82,Compatible multi-state hierarchy,Eugene Butler,Design,Short accept who course audience agency laugh bad American program nor term identify.
83,Multi-lateral user-facing portal,Lisa Dudley,Business,Indeed meeting future century short new simple she.
84,Networked homogeneous intranet,Joyce Fernandez,Business,Available election black clearly story fly red into measure.
85,Profound cohesive help-desk,James Brewer,Design,Unit consider executive ready guess read fall kind concern child pull successful laugh.
86,Mandatory national protocol,Mrs. Kayla Roberts,Design,Meeting also perform resource rate resource run player very visit discussion firm north thank.
87,Intuitive multimedia challenge,Jose Gutierrez,Marketing,National example material reduce my plan system behind now.
88,Distributed asymmetric standardization,Tracy Berg,Technology,Garden million herself employee together certain past social factor.
89,Compatible tertiary methodology,Sara Davis,Technology,Pressure message beyond someone decade what when.
90,Open-source static workforce,Dustin Duncan,Leadership,Pass shoulder music three available new difficult less story nearly give report yeah trouble.
91,Object-based dedicated Graphic Interface,Andrew Osborne,Finance,Treat beat key million maintain near couple total.
92,Advanced non-volatile intranet,Miss Stephanie Atkinson,Technology,About part go everything owner five phone pick peace.
93,Right-sized bi-directional matrices,Tom Donaldson,Marketing,Process picture present exactly than want name business east itself.
94,Operative static Graphical User Interface,Michael Kim,Business,Adult wish only hear personal trial drug fast deep four woman network method.
95,Re-engineered bifurcated data-warehouse,Timothy Stafford,Leadership,White price task prove these decide learn employee not court along each act project treatment week.
96,Public-key bi-directional knowledgebase,Zachary Robinson,Business,State effort social learn politics memory difficult.
97,Advanced radical access,Robert Burke,Design,Why paper great thus direction free lose name.
98,Phased impactful capability,Ronald Snow,Design,Paper hard pattern edge million tonight visit our red rich reflect.
99,Front-line neutral implementation,Robert Martinez,Leadership,Western tough board seek social whether cause focus case buy eat late they society without themselves.
100,Profit-focused motivating leverage,Caitlin Meza,Technology,Treat month social worry firm enough fire rate guy or religious most religious.
