id,event_name,date,location,description
1,Repurpose leading-edge networks,2025-09-26,South Jonathonshire,Send really her throw well beyond west large.
2,E-enable out-of-the-box synergies,2025-10-15,Robertmouth,Operation Congress herself success election owner.
3,Revolutionize revolutionary applications,2025-06-21,South Jennifer,Majority wait throw sense east.
4,Streamline out-of-the-box applications,2025-10-15,South Christinefurt,Author page act glass scene century serve mean structure eye.
5,Productize magnetic functionalities,2025-09-26,Jonathanland,Stand lose sometimes draw last.
6,Deliver bleeding-edge bandwidth,2025-10-21,Port Seanburgh,Hundred fly year free against response toward return language.
7,Synthesize next-generation interfaces,2025-06-30,Lake Corey,Ten when early various this special democratic head actually.
8,Transform ubiquitous experiences,2025-08-02,Kimberlybury,Few war current cost campaign leg could drive ability.
9,Facilitate leading-edge bandwidth,2025-08-07,Chavezview,Cut over eye whole minute.
10,Utilize seamless convergence,2025-07-31,Loweport,Stand policy who hard debate budget husband American argue affect.
11,Integrate b2c info-mediaries,2025-08-22,West Chad,Take seat service skin will item southern process change.
12,Cultivate rich e-markets,2025-04-30,Lake Jordanchester,Fill property national coach bad anyone cold image discuss.
13,Syndicate bricks-and-clicks e-services,2025-05-05,Lake Kimberly,Such evidence although week team key could her.
14,Brand value-added applications,2025-09-23,Johnchester,Soldier also pick direction fear tonight.
15,Maximize robust content,2025-09-09,Johnside,Lose exactly later both action outside paper skill.
16,Whiteboard user-centric info-mediaries,2025-05-23,East David,Class report happen he play usually goal fact result authority.
17,Unleash vertical paradigms,2025-05-18,Lake Elizabeth,She save risk adult result for body too every hear.
18,Mesh web-enabled portals,2025-08-02,Millershire,Provide campaign believe seat radio far.
19,Utilize clicks-and-mortar technologies,2025-06-03,Lake Christophermouth,Rather dream it see may couple either teacher.
20,Harness best-of-breed convergence,2025-10-17,Thomasmouth,List right plan measure just part capital price writer support.
21,Brand 24/365 initiatives,2025-08-04,Krystalside,Interesting product performance loss sure provide certain.
22,Benchmark cross-platform platforms,2025-08-10,Davidmouth,Rather where describe history ten stuff.
23,Transform robust applications,2025-10-22,Lewisland,Statement measure top bag south buy reflect south.
24,Matrix rich systems,2025-06-05,Bradfordfort,Explain business world may exactly back whom role former.
25,Grow turn-key action-items,2025-10-18,Port Michelleview,Focus someone government teacher goal away debate who car.
26,Syndicate innovative action-items,2025-06-21,South Patrickfurt,Guy return personal read discover.
27,Benchmark web-enabled interfaces,2025-07-15,Lake Tinaport,Best new receive more join night energy three.
28,Redefine compelling web-readiness,2025-08-07,Haroldtown,Like break lay election event second lawyer science north.
29,Generate e-business users,2025-09-06,South Calvin,Center season produce to it himself seat true.
30,Target virtual platforms,2025-08-25,Lake Joshuaview,Exist grow sort economic decision lot rest available great fill.
31,Exploit vertical channels,2025-10-04,West Courtneyview,Natural find write do lot claim space but gun forget.
32,Streamline cross-platform functionalities,2025-08-26,Jonesfort,Walk answer north few north feeling film have option.
33,Deliver open-source markets,2025-07-01,Sandramouth,Administration couple common with yourself good say question.
34,Synthesize real-time content,2025-06-07,Brianburgh,Argue me total note hotel actually I husband.
35,Generate innovative convergence,2025-10-06,Johnberg,Again military very first group see value.
36,Maximize extensible info-mediaries,2025-07-29,Brownview,Color expect support modern fish star performance.
37,Morph end-to-end applications,2025-09-22,Devinfurt,Bag teach better mother cost ten.
38,Maximize transparent channels,2025-09-30,East Ericabury,Team after personal reason degree over reality.
39,Leverage wireless paradigms,2025-09-07,Josephfort,While several social road past name.
40,Morph b2c networks,2025-06-24,Samanthabury,Here speak once car issue little for create common nature.
41,Incentivize viral deliverables,2025-05-31,Phillipsview,Common education yourself watch him production surface.
42,Revolutionize customized supply-chains,2025-07-27,Johnstad,Lead policy story interview choice factor small subject system computer.
43,Unleash dot-com supply-chains,2025-06-20,Bookerbury,Order upon concern blood newspaper hour reach unit break personal.
44,Revolutionize 24/7 e-markets,2025-10-21,East Dennis,Cut popular weight ability executive north consider nature too.
45,Engage front-end synergies,2025-09-18,North Natasha,Few player institution audience break grow send information.
46,Synergize ubiquitous mindshare,2025-07-29,Laneburgh,Keep community investment home drop still beyond as option.
47,Monetize cutting-edge e-tailers,2025-08-19,North Heidihaven,Fire environment maybe number wife girl head.
48,Incentivize e-business architectures,2025-06-18,Brianaland,Everybody trial senior bed travel science war require gas.
49,Engineer global solutions,2025-09-15,Christopherburgh,Go detail give house food arm responsibility visit fact cultural.
50,Innovate magnetic bandwidth,2025-07-18,New Angelaport,Toward defense move own next sell.
51,Enhance plug-and-play vortals,2025-06-19,North Jessica,Management else low election list trouble drug.
52,Engage ubiquitous vortals,2025-09-20,Mariatown,Out subject audience company region.
53,Transition collaborative platforms,2025-08-08,East Cameronton,How sometimes generation out next street personal rate large.
54,Strategize wireless deliverables,2025-08-26,Lake Derekberg,Trade approach resource indeed serious work trade behavior.
55,Evolve proactive e-commerce,2025-10-14,Mcmahonmouth,Candidate read defense seem rest focus will.
56,Envisioneer compelling e-commerce,2025-05-11,Port Karina,Someone sometimes deal about she food election authority option once.
57,Visualize user-centric bandwidth,2025-09-20,Lake Lisaland,Establish start management machine skin determine market south truth.
58,Enhance interactive relationships,2025-05-30,Julieshire,Rate age land this student approach news sit pick include.
59,Optimize frictionless experiences,2025-08-07,North Erica,Who after why hot any might defense get stop.
60,Revolutionize global e-business,2025-09-05,Lake Nancy,Whether choice one only one care reality find theory set.
61,Incentivize collaborative channels,2025-10-09,South Reneeville,Mind pick sister realize.
62,Orchestrate back-end portals,2025-08-29,West Brian,Change company already space point.
63,Morph b2c content,2025-08-05,Lake Christopherhaven,Ask person from moment table worker seem place watch sure money.
64,Optimize mission-critical interfaces,2025-07-17,South Deborahchester,Sometimes small term their off artist rate paper phone safe.
65,Streamline web-enabled channels,2025-10-11,East Peggy,Government daughter training school card order.
66,Drive magnetic models,2025-10-13,Port Victoria,Decision evidence piece lead line change eat executive house despite.
67,Exploit global web-readiness,2025-06-02,North Melaniehaven,Official write single method green cut.
68,Drive dot-com paradigms,2025-10-16,West Andreashire,Nation stock matter hospital address seat form life.
69,Brand front-end infrastructures,2025-07-17,New Donaldside,Free blue man behavior tax.
70,Disintermediate world-class e-services,2025-04-30,Robinsonborough,Staff various why task chair me although her board.
71,Integrate dynamic users,2025-07-08,Ravenville,Me under visit yeah record lot rise per.
72,Engineer e-business architectures,2025-10-04,New Bryanborough,Dog leave now bank if against reach common short education exactly.
73,Synergize compelling metrics,2025-08-05,Acostastad,Foreign position catch woman.
74,Seize innovative web services,2025-09-17,Thompsonstad,Hospital pick almost car else yeah three middle do mouth.
75,Synergize next-generation metrics,2025-07-16,Samanthatown,Former suggest visit way bill which name.
76,Whiteboard dot-com communities,2025-09-07,Yanghaven,Budget because happen audience film lawyer truth science wind Republican lot.
77,Productize rich e-markets,2025-10-08,Carterhaven,Way believe hit determine play our appear bed.
78,Enhance end-to-end e-markets,2025-06-26,Port Ashley,Policy mean huge too offer whatever leg.
79,Scale back-end supply-chains,2025-06-18,West Jacob,Research road huge do live she forward create people he.
80,Incentivize real-time models,2025-09-09,Laurenport,Sister degree medical pretty after term.
81,Optimize ubiquitous schemas,2025-07-09,Port Dianahaven,Nature trouble unit traditional these half simply recent.
82,Mesh back-end bandwidth,2025-10-20,Benitezborough,Economic whatever president follow during sister successful medical.
83,Monetize back-end web-readiness,2025-08-04,West Jacqueline,Heavy become little finish woman though newspaper within.
84,Transition wireless networks,2025-10-14,Donnaland,Kind least paper claim born hospital.
85,Enable bricks-and-clicks content,2025-08-07,South Jerrymouth,Recently as business production say somebody whole.
86,Scale back-end metrics,2025-10-01,Jenniferstad,Medical ground I someone guess blue stage summer.
87,Incentivize one-to-one solutions,2025-09-04,Evanstown,Help financial morning various carry project particular allow down son.
88,Engineer user-centric mindshare,2025-06-22,North Randyside,Product sell else positive less front into analysis condition.
89,Monetize plug-and-play web-readiness,2025-06-08,Lindseyport,Floor late sound we trip player most federal forget believe.
90,Syndicate b2b experiences,2025-07-15,Philipberg,Treat throughout front school spring to man degree offer purpose.
91,Transition granular synergies,2025-05-23,Christopherhaven,Law with language else clear not sing.
92,Matrix front-end technologies,2025-10-03,North Donald,Interview tree way former research entire.
93,Reinvent bricks-and-clicks action-items,2025-07-16,South Kristen,Us main behavior indeed price officer evening.
94,Streamline end-to-end supply-chains,2025-09-14,Lake Jonathan,Often up young strong nor.
95,Transition interactive mindshare,2025-06-02,New Raymondhaven,Meeting coach news nature effort find kind chance if less.
96,Transition granular infrastructures,2025-06-07,Ashleyton,Specific hot by class big understand rock cultural.
97,Evolve seamless bandwidth,2025-07-17,Butlerhaven,Feel order as finally or prevent.
98,E-enable 24/365 deliverables,2025-05-21,Lake Miguel,Involve table none alone box determine benefit city develop since.
99,Exploit back-end synergies,2025-07-17,Davidside,Common reduce movie become interview use how could before.
100,Extend viral paradigms,2025-09-09,Thomasmouth,Know think training person might ok.
